"_time",EventCode,Account,"src_ip",host
"2025-05-25T15:14:48.000+0530",4624,"HACKER$
SYSTEM",,HACKER
"2025-05-25T15:14:47.000+0530",4624,"HACKER$
SYSTEM",,HACKER
"2025-05-25T15:11:23.000+0530",4624,"HACKER$
SYSTEM",,HACKER
"2025-05-25T15:10:54.000+0530",4624,"HACKER$
SYSTEM",,HACKER
"2025-05-25T15:10:50.000+0530",4624,"HACKER$
SYSTEM",,HACKER
"2025-05-25T15:10:47.000+0530",4624,"HACKER$
SYSTEM",,HACKER
"2025-05-25T14:46:43.000+0530",4624,"HACKER$
SYSTEM",,HACKER
"2025-05-25T14:42:49.000+0530",4624,"HACKER$
SYSTEM",,HACKER
"2025-05-25T14:42:44.000+0530",4624,"HACKER$
SYSTEM",,HACKER
"2025-05-25T14:42:37.000+0530",4624,"HACKER$
hecker",,HACKER
"2025-05-25T14:42:37.000+0530",4624,"HACKER$
hecker",,HACKER
"2025-05-25T14:42:29.000+0530",4625,"HACKER$
hecker",,HACKER
"2025-05-25T14:42:26.000+0530",4625,"HACKER$
hecker",,HACKER
"2025-05-25T14:42:21.000+0530",4625,"HACKER$
hecker",,HACKER
"2025-05-25T14:42:04.000+0530",4624,"HACKER$
SYSTEM",,HACKER
"2025-05-25T14:40:25.000+0530",4624,"HACKER$
SYSTEM",,HACKER
"2025-05-25T14:40:21.000+0530",4624,"HACKER$
hecker",,HACKER
"2025-05-25T14:40:21.000+0530",4624,"HACKER$
hecker",,HACKER
"2025-05-25T14:40:08.000+0530",4625,"HACKER$
hecker",,HACKER
"2025-05-25T14:40:01.000+0530",4625,"HACKER$
hecker",,HACKER
"2025-05-25T14:39:47.000+0530",4625,"HACKER$
hecker",,HACKER
"2025-05-25T14:39:24.000+0530",4624,"HACKER$
SYSTEM",,HACKER
"2025-05-25T14:38:00.000+0530",4624,"HACKER$
SplunkForwarder",,HACKER
"2025-05-25T14:34:41.000+0530",4624,"HACKER$
SYSTEM",,HACKER
"2025-05-25T14:34:38.000+0530",4624,"HACKER$
hecker",,HACKER
"2025-05-25T14:34:38.000+0530",4624,"HACKER$
hecker",,HACKER
"2025-05-25T14:34:32.000+0530",4625,"HACKER$
hecker",,HACKER
"2025-05-25T14:34:19.000+0530",4624,"HACKER$
SYSTEM",,HACKER
"2025-05-25T14:34:00.000+0530",4624,"HACKER$
SYSTEM",,HACKER
"2025-05-25T14:28:35.000+0530",4624,"HACKER$
SYSTEM",,HACKER
"2025-05-25T14:28:29.000+0530",4624,"HACKER$
SYSTEM",,HACKER
"2025-05-25T14:27:13.000+0530",4624,"HACKER$
SYSTEM",,HACKER
