"_time","Account_Name",ComputerName,Message
"2025-05-26T00:36:22.000+0530",hecker,hacker,"The audit log was cleared.
Subject:
	Security ID:	S-1-5-21-1389429457-3272679027-3907582726-1001
	Account Name:	hecker
	Domain Name:	hacker
	Logon ID:	0x24562B"
"2025-05-26T00:32:28.000+0530",hecker,hacker,"The audit log was cleared.
Subject:
	Security ID:	S-1-5-21-1389429457-3272679027-3907582726-1001
	Account Name:	hecker
	Domain Name:	hacker
	Logon ID:	0x24562B"
"2025-05-26T00:32:28.000+0530",hecker,hacker,"The audit log was cleared.
Subject:
	Security ID:	S-1-5-21-1389429457-3272679027-3907582726-1001
	Account Name:	hecker
	Domain Name:	hacker
	Logon ID:	0x24562B"
